product,feature,spearman_corr_with_d180_ltv
ad_supported,active_days_7,0.8307215136898611
ad_supported,ad_impressions_7,0.8154060261040594
ad_supported,sessions_7,0.8123685675948658
ad_supported,ad_views_7,0.769316144882443
ad_supported,avg_session_min_7,0.7577309652565875
ad_supported,rewarded_ads_watched_7,0.7096549206458751
ad_supported,d7_retained,0.5867551658831892
ad_supported,social_actions_7,0.5407354408365778
ad_supported,d1_retained,0.40670288202080696
ad_supported,rewarded_ad_rate_7,0.37553443060101616
ad_supported,d3_retained,0.32220760332536874
ad_supported,sessions_per_active_day_7,0.1127159291851825
ad_supported,session_momentum_7,0.10673919408984367
ad_supported,ad_view_rate_7,0.018595553535966362
ad_supported,median_gap_hours_7,-0.38689907956679576
ad_supported,days_since_last_active_7,-0.7489484344796029
subscription,subscription_started_d7,0.7915568445525799
subscription,active_days_7,0.7295083968359819
subscription,avg_session_min_7,0.690793358929279
subscription,sessions_7,0.6716815712915483
subscription,trial_started_d7,0.5719868051970822
subscription,d7_retained,0.5297319130274271
subscription,social_actions_7,0.4774694350725258
subscription,d1_retained,0.36929252874252655
subscription,d3_retained,0.284819313740114
subscription,session_momentum_7,0.11049683202335038
subscription,sessions_per_active_day_7,0.06308690486205087
subscription,median_gap_hours_7,-0.3484934466811672
subscription,days_to_trial,-0.6169451359263407
subscription,days_since_last_active_7,-0.676629186710907
