product,model,CV_MAE,CV_MAE_std,CV_RMSE,CV_R2
subscription,mean_baseline,123.98438752072488,4.045262716861402,145.53823140523437,-0.0010947472891191356
subscription,linear_regression,31.833340231954878,1.2769149970841425,39.96329002413178,0.9243840383687127
subscription,ridge_regression,31.83267374876303,1.2764031740948176,39.963277972429175,0.9243847264092455
subscription,random_forest,34.0183851272305,1.222216167268477,42.72804010337167,0.91342726784273
subscription,hist_gradient_boosting,32.89899378123083,1.285471167860547,41.32516955030091,0.919127599294085
ad_supported,mean_baseline,65.59765072229253,1.8612368137521473,81.50381892269792,-0.0005354671759107088
ad_supported,linear_regression,18.5597520769253,0.18217853361688366,23.309706283908348,0.9180481088996851
ad_supported,ridge_regression,18.559898187239963,0.18243481991531407,23.309625503966927,0.918048691411639
ad_supported,random_forest,19.724985601039624,0.24868623996098915,24.81698217868215,0.9071165505245034
ad_supported,hist_gradient_boosting,19.4655781649272,0.36054499328626965,24.426644476493802,0.9100711335309468
